city,temperature,humidity,rainfall_mm,date
Nagoya,25.242608139724133,60.884068862918475,2.207166189586289,2024-01-01
Tokyo,20.84524941794481,74.77530081055262,2.183147243924161,2024-01-02
Nagoya,26.352284128899193,48.58310885866495,8.817481254885438,2024-01-03
Nagoya,24.748809452754315,58.06340540720282,7.786430081345391,2024-01-04
Tokyo,23.80525976566795,52.831776793971954,1.8393716297835185,2024-01-05
Tokyo,20.46218168979201,41.3346338292694,12.254755242514166,2024-01-06
Nagoya,22.116143347158335,59.17319314157301,15.268397969230026,2024-01-07
Osaka,28.77695612912878,58.78252491616716,1.978137348938951,2024-01-08
Nagoya,27.504585938121902,75.13449743242131,2.1880690356209325,2024-01-09
Nagoya,20.112223776007244,66.30811684554777,3.5223972788543008,2024-01-10
Nagoya,25.49666152714613,49.758131756707954,14.161338022406763,2024-01-11
Nagoya,28.756935616858947,78.54092566334188,10.450265554463936,2024-01-12
Tokyo,16.652973594393142,72.21033695525352,0.5410894290702714,2024-01-13
Nagoya,27.716800961899676,65.82097703468615,2.4939150011702385,2024-01-14
Osaka,21.686881205270765,57.73515901150168,4.030137157340868,2024-01-15
Tokyo,27.852993342965796,50.405607632765204,3.4971591639203408,2024-01-16
Osaka,21.183704217287417,56.27793223928947,1.0775083000408872,2024-01-17
Osaka,15.975589496677404,70.88748619704185,9.788483684779266,2024-01-18
Osaka,16.862287810584185,78.84586305934609,5.649598190940283,2024-01-19
Osaka,25.24042473330691,75.43243528272188,9.097967581497205,2024-01-20
Tokyo,26.29861250860741,55.11150578213726,9.786625034027141,2024-01-21
Tokyo,20.478416874477958,48.80382566710989,6.898696535848757,2024-01-22
Osaka,28.19296229388687,61.40886246911204,2.892049236190386,2024-01-23
Osaka,16.6923996886552,42.31560634437149,4.715057297135249,2024-01-24
Tokyo,24.66960100676342,63.23167714184781,0.873942445366517,2024-01-25
Tokyo,18.944919001187717,58.52397413701331,5.598854061247785,2024-01-26
Tokyo,21.740819460989204,55.33963498131758,0.9877034469695107,2024-01-27
Nagoya,25.23699335658207,44.05296932733204,5.920027268512381,2024-01-28
Nagoya,20.69793317358024,65.13600106569717,1.3042151555503232,2024-01-29
Nagoya,23.077222278850872,54.672991603380886,0.6252731117308141,2024-01-30
Osaka,30.0314640460722,48.30083164289712,0.9033215947152424,2024-01-31
Nagoya,22.115540652384254,31.277377867183507,0.00997061079855313,2024-02-01
Osaka,29.17846056032571,59.724850949493636,6.34237205923132,2024-02-02
Osaka,19.351465726711908,77.72251596669744,6.591329354919006,2024-02-03
Nagoya,27.649020889576413,76.6125921454787,3.6173448731352558,2024-02-04
Osaka,32.207843103289505,55.429037434137285,0.8798854342037745,2024-02-05
Nagoya,12.641777499363553,53.97787939638219,0.43626250762010454,2024-02-06
Nagoya,21.015523722647615,64.68774256075024,0.09657146158574832,2024-02-07
Tokyo,27.8853606359027,50.016145608117085,0.9060998805753395,2024-02-08
Nagoya,23.984773069785035,63.01791899819466,11.075414535748173,2024-02-09
Tokyo,26.855729366856544,67.6608027838469,1.3823052658091772,2024-02-10
Nagoya,21.980074066420897,72.26933223884308,2.186879373005469,2024-02-11
Nagoya,25.4329489373645,58.99845923520047,0.5565882570548336,2024-02-12
Tokyo,24.221613823039604,57.96326249823034,1.2574663233084151,2024-02-13
Tokyo,30.838910308299035,51.22017413243439,3.661775005095822,2024-02-14
Nagoya,26.272104216506065,51.7311964596014,4.679313638308699,2024-02-15
Osaka,26.68801331037601,57.73521108098473,1.4075213996189349,2024-02-16
Tokyo,22.940615169387662,63.67365506816178,0.2973285639384077,2024-02-17
Osaka,22.561968879637533,69.13584626233249,2.479954925116879,2024-02-18
Osaka,22.837209060901895,51.96821049319655,1.3341932089252793,2024-02-19
Osaka,26.972260711891483,74.92688568959522,1.2394481473601149,2024-02-20
Tokyo,22.895077595898684,57.28876398957431,16.077258807530036,2024-02-21
Osaka,26.448874284482066,59.78632705651564,4.789477740754984,2024-02-22
Tokyo,35.37700399322719,52.527883208521764,4.069555759654726,2024-02-23
Osaka,29.355623517158463,35.75759739727059,2.6873463678898757,2024-02-24
Nagoya,23.369882339160796,68.8404539636105,2.8013429223173603,2024-02-25
Nagoya,31.006069610819722,67.36843897092433,3.8924906350990818,2024-02-26
Tokyo,22.959623134892244,57.18672442881787,5.960712084619026,2024-02-27
Nagoya,14.80937732411073,60.66990717224872,6.055760841675229,2024-02-28
Nagoya,19.95956844541298,65.159392177041,0.9418625811311385,2024-02-29
Osaka,15.646040394870722,44.374541431134574,3.4668635507154195,2024-03-01
Tokyo,23.24243257979346,54.70947322653705,2.6547853333703615,2024-03-02
Osaka,25.092091895947757,67.94264679621827,10.221413266333093,2024-03-03
Osaka,33.382186561376415,47.45710576830751,4.99047283861855,2024-03-04
Osaka,26.634636868820813,62.935579321666296,3.801823142536145,2024-03-05
Osaka,23.90449735595568,46.43418195376595,0.6130682839680344,2024-03-06
Osaka,29.147027905917447,64.66429982433526,4.6524286456636785,2024-03-07
Osaka,13.944323454960575,59.643585177025166,0.6233051440267388,2024-03-08
Osaka,26.178072790542828,43.848681840944906,2.0564595718436522,2024-03-09
Tokyo,28.854325969434832,71.64739354457171,0.7706648613371263,2024-03-10
Nagoya,17.607068771100792,52.65408423201951,5.889473191581443,2024-03-11
Osaka,30.718770216034645,51.89747562985619,1.1549469593972321,2024-03-12
Osaka,26.69248203747207,62.00569197230943,2.4867456483084243,2024-03-13
Osaka,22.923560430495993,71.48637349428715,11.30121060443565,2024-03-14
Osaka,28.163909330531425,49.841781810216034,1.1427681936507676,2024-03-15
Osaka,36.35346428902198,60.61679849847972,3.544402147474845,2024-03-16
Osaka,25.909331275292477,64.28816500330574,2.717361033171202,2024-03-17
Nagoya,26.24110293150168,66.93105607263143,0.09145146658282576,2024-03-18
Nagoya,22.70319550229878,61.76441555277225,7.869343172279621,2024-03-19
Osaka,20.75077815267604,56.329721609166775,0.35772655764686,2024-03-20
Nagoya,29.151679082721227,51.724097793512804,3.214695072837621,2024-03-21
Tokyo,20.719580870455665,60.86143883046375,4.112616604663264,2024-03-22
Osaka,25.357831186096963,49.27860988014393,4.950042355320459,2024-03-23
Tokyo,22.611712766174417,30.78649516505393,5.833892980285947,2024-03-24
Tokyo,27.39489912873196,64.36559804157667,1.4602739846099724,2024-03-25
Osaka,26.66831052643474,69.03934841086195,0.05014449182274021,2024-03-26
Nagoya,30.187699721289498,36.37067564458162,6.426703629946992,2024-03-27
Tokyo,22.449918005726264,49.90269295290062,3.8356545643634714,2024-03-28
Osaka,23.650625323533145,66.19154261005198,9.043034056564426,2024-03-29
Tokyo,20.106181421088465,80.574954697117,8.612707276657229,2024-03-30
Tokyo,22.77853369961944,60.20793707675408,9.267945682339606,2024-03-31
Tokyo,26.88650246522426,52.71997058770866,3.318861004991347,2024-04-01
Tokyo,28.78494308322676,58.1710355889516,2.029538999184942,2024-04-02
Nagoya,20.389173379111874,73.74876419148185,7.8404771291596465,2024-04-03
Tokyo,29.3480296005283,53.54035820875465,3.000963530161353,2024-04-04
Tokyo,31.778189294024756,52.00807993349746,1.0132878735771451,2024-04-05
Tokyo,27.067174516118506,55.17256477817968,9.654211885867282,2024-04-06
Nagoya,34.38397906279033,50.466713917412875,10.70913332417349,2024-04-07
Tokyo,21.131054004482134,61.22670315994795,3.1396983800225375,2024-04-08
Tokyo,18.776726483442914,76.2467845846956,0.39359144843978927,2024-04-09
Nagoya,16.106398755478608,63.23079273116029,2.4536943501757476,2024-04-10
Nagoya,32.480221557445915,57.47646497873713,8.136422586247193,2024-04-11
Nagoya,28.27182828177029,57.08188731084456,11.602423117498834,2024-04-12
Tokyo,24.722076645447725,44.36809191303343,1.1374696431004256,2024-04-13
Nagoya,26.399843131599102,68.83109777147159,0.34660897801817364,2024-04-14
Nagoya,19.372554763508116,59.22162802987198,10.492121014020714,2024-04-15
Tokyo,37.228759898084135,58.19520086409374,2.4666064372231298,2024-04-16
Nagoya,25.646105909876137,91.93107567844861,3.9018215946856776,2024-04-17
Tokyo,25.546973973024464,62.98752908365686,17.220390602646056,2024-04-18
Osaka,28.62883311949346,52.48208949904816,0.3444182867956367,2024-04-19
Nagoya,27.405046158683568,55.736424037944566,5.225139709923749,2024-04-20
Osaka,26.119420121395656,71.48445709196756,0.3849744904506248,2024-04-21
Tokyo,21.04762772277344,61.13270410537764,2.3537709819860084,2024-04-22
Nagoya,27.357341785679978,45.61722021682633,8.14347434561074,2024-04-23
Tokyo,34.41012248237517,69.19228934575203,2.8411459213976,2024-04-24
Osaka,31.727100230774887,53.31855914461006,29.359267299804664,2024-04-25
Tokyo,32.965933133196984,78.73297776217545,4.094224227788536,2024-04-26
Nagoya,22.443921617844076,70.80048065714648,1.9368649544732373,2024-04-27
Nagoya,20.051975898707095,55.52678104341249,1.24302047501835,2024-04-28
Osaka,24.37106539950176,72.81016361735112,2.1579202945019085,2024-04-29
Tokyo,25.278624561443472,60.678555105274036,2.330323176468781,2024-04-30
Nagoya,30.470957592354743,68.52773675122219,0.35594253131322523,2024-05-01
Osaka,16.537676851425903,64.84732817294474,2.306799069853607,2024-05-02
Nagoya,32.64775159730307,51.536433450091266,3.1203310823324064,2024-05-03
Nagoya,24.209960507105052,53.56450167682538,6.413957389264605,2024-05-04
Tokyo,22.8655946502629,70.29960817581161,5.34618234187654,2024-05-05
Nagoya,19.93947812369916,56.65224667893459,6.1681351370333335,2024-05-06
Tokyo,16.725716640671152,55.96351536758003,0.04199426856058394,2024-05-07
Nagoya,29.115852919809573,50.44877420650647,1.227376543151715,2024-05-08
Osaka,25.36658983594202,64.23599065593461,5.418878807356186,2024-05-09
Nagoya,18.55019550129473,80.62524919243145,3.3081395470501223,2024-05-10
Tokyo,18.52460613968192,49.32467085745727,0.026638211927366016,2024-05-11
Tokyo,23.32107650354936,60.24219456672758,8.160837477457024,2024-05-12
Osaka,33.34510762644696,74.12220555415429,7.409833644919387,2024-05-13
Nagoya,23.702043243181976,59.203586087542845,3.975004405811174,2024-05-14
Nagoya,17.48428523440947,64.52371796249734,0.3438751498821395,2024-05-15
Osaka,23.77128467957028,49.376064718531204,7.273188279549895,2024-05-16
Nagoya,23.636382151261646,64.28307097207649,4.38190882295859,2024-05-17
Nagoya,11.515566785292142,58.12855734995451,7.615383210126404,2024-05-18
Tokyo,24.72852566741094,69.85729995679863,6.966534304535216,2024-05-19
Nagoya,23.84532734895661,71.87386051564751,8.122810339259654,2024-05-20
Nagoya,28.48103182406709,85.89563642018614,3.6491395017543886,2024-05-21
Osaka,34.244780474726724,65.79633173213576,0.7560015384221204,2024-05-22
Osaka,30.632825147738785,63.257963165821664,5.560881426470513,2024-05-23
Tokyo,23.655556547225846,61.94384301577336,4.844158034676422,2024-05-24
Nagoya,19.467370456291647,56.46833707189312,6.778887608141981,2024-05-25
Nagoya,37.8667990162493,63.38483843461691,0.9309311113175609,2024-05-26
Nagoya,25.29609217007244,57.04598589860971,1.0844109723041844,2024-05-27
Tokyo,25.06964645956473,61.68460976269614,11.055023720907293,2024-05-28
Tokyo,24.879374564449982,73.17597535607959,6.9310277943560505,2024-05-29
Osaka,25.990423803839274,49.934574347203586,11.942266819727802,2024-05-30
Tokyo,24.278197940380288,71.39878561129045,7.108889013113904,2024-05-31
Nagoya,22.131689965598817,73.17115067339866,4.546020829885577,2024-06-01
Nagoya,22.26570529379804,58.81931473008921,5.308501052794627,2024-06-02
Tokyo,24.836233648920008,38.78145100991405,10.996891050998268,2024-06-03
Nagoya,22.282876144331176,53.921780129055676,4.323317676020178,2024-06-04
Nagoya,21.435771086614178,72.96994546561109,5.003681439657029,2024-06-05
Tokyo,25.532151138459483,59.77131937701118,0.8508388667527144,2024-06-06
Tokyo,23.725113912895722,50.00697767705089,3.211521529083448,2024-06-07
Nagoya,32.51996494291345,54.95225078771782,6.300901504357142,2024-06-08
Nagoya,11.745150958034941,68.40620026504553,1.5800147346499278,2024-06-09
Nagoya,30.45753425961231,65.4673356820138,1.1298262711589633,2024-06-10
Osaka,31.230425962488145,57.61067900830306,1.8831260848764964,2024-06-11
Osaka,14.633048837959253,56.33175588185313,1.3820665406717283,2024-06-12
Osaka,23.286562029598258,56.08241850956178,1.2098013849627498,2024-06-13
Tokyo,23.142795670021044,50.77589815501497,2.765629340582181,2024-06-14
Osaka,17.962441526410892,76.15375689469442,11.921064783844441,2024-06-15
Tokyo,21.110916562045624,56.7767953078866,3.5368354977931604,2024-06-16
Tokyo,19.447120772670857,72.17158520825497,1.0407844522212926,2024-06-17
Osaka,33.761352217118116,75.21316051922452,0.40047675444223196,2024-06-18
Osaka,29.678391965737305,69.9831089814796,5.956206724269233,2024-06-19
Osaka,31.357775474970794,55.683796872819514,2.4128007830491347,2024-06-20
Nagoya,28.608360320216175,64.03730090336609,8.625112205608028,2024-06-21
Osaka,19.354741143913856,59.758043936090836,5.386858899283821,2024-06-22
Nagoya,22.37739866860113,50.96298139269872,7.954097836041615,2024-06-23
Tokyo,27.44687280613959,63.24359281721603,1.5869005592718597,2024-06-24
Nagoya,18.889360955540273,48.20960208840198,5.894107541012077,2024-06-25
Osaka,28.56499215086194,71.87679388461564,1.5330469106684042,2024-06-26
Tokyo,23.798373009209325,55.35382702701607,13.99002329675527,2024-06-27
Tokyo,23.125895962252013,62.01159655872839,5.058150931618789,2024-06-28
Tokyo,28.554799841017456,62.83287871546142,1.9615979526792973,2024-06-29
Nagoya,27.2213165574302,57.410950262959226,1.570211432581741,2024-06-30
Osaka,23.1951691709046,65.86693801475275,1.0593280914634784,2024-07-01
Tokyo,30.79664901682124,55.25096343377476,5.931335053787402,2024-07-02
Tokyo,19.594683362000513,68.71297297457244,1.234080317687602,2024-07-03
Tokyo,28.07967803472132,46.54020319753251,4.523086485645732,2024-07-04
Nagoya,27.96550628984192,61.26379579546412,1.536941705045495,2024-07-05
Nagoya,23.452267803430047,79.38928999058285,5.423087542058411,2024-07-06
Osaka,26.63066511121059,49.99668675394425,8.435368576448173,2024-07-07
Nagoya,18.744432118073483,53.222550294751485,7.525958057169422,2024-07-08
Tokyo,29.620135096034506,65.13907849658915,7.153349370632601,2024-07-09
Osaka,24.075489317785056,61.79581781939598,1.0395656616596674,2024-07-10
Tokyo,22.386384897404803,63.50630099273559,0.462687345025399,2024-07-11
Tokyo,30.245046129184445,64.89187130147664,6.002375118285905,2024-07-12
Nagoya,21.478281547286205,66.3472146856177,2.297077123598895,2024-07-13
Osaka,17.957693518182204,71.09699841956223,2.831217998206428,2024-07-14
Nagoya,17.216854132380483,64.09818656928513,0.15822270730651902,2024-07-15
Nagoya,28.030049756728197,57.58742345381457,1.5026644533912372,2024-07-16
Osaka,18.597853237518585,66.72573701202731,0.1712825761378989,2024-07-17
Tokyo,33.77397090992182,78.99881934895215,10.567506119683948,2024-07-18
Tokyo,14.59035296058139,58.67366253617426,1.394580914974728,2024-07-19
Osaka,33.48228184145019,50.254706953293585,4.074734519277519,2024-07-20
Tokyo,26.05508733601309,71.07080669286972,0.19879675840272978,2024-07-21
Osaka,24.516434440648037,58.796188360464015,5.495773048072541,2024-07-22
Osaka,22.275404565955252,38.27330453985964,1.950621997161652,2024-07-23
Nagoya,26.995680571760353,68.47421677150422,11.409952473304836,2024-07-24
Osaka,24.81182648787576,54.64671814046077,10.951561116018706,2024-07-25
Nagoya,30.516509410082605,59.094667176958396,1.9673661327106797,2024-07-26
Tokyo,25.571138243310198,63.319803305690144,11.561202569055897,2024-07-27
Tokyo,25.75150880730939,61.904996797790666,27.808386180741863,2024-07-28
Tokyo,23.18193893893072,67.09451817139039,8.726736769711309,2024-07-29
Tokyo,24.715271881394663,55.645136294301565,9.317502459260151,2024-07-30
Nagoya,26.539008844460295,65.13105798176083,1.431806299604674,2024-07-31
Tokyo,16.449158036716874,57.40453322416083,4.298398992553327,2024-08-01
Osaka,18.259072889471433,67.38810480887503,0.3481220362865055,2024-08-02
Osaka,28.716320470113576,66.15367484013053,0.49864830924027337,2024-08-03
Osaka,25.854327190639708,50.645612979554045,34.02875609944641,2024-08-04
Nagoya,24.080083318236603,70.85982116175032,1.9773702970479465,2024-08-05
Tokyo,25.092169665326967,54.64036554885952,6.89528133814556,2024-08-06
Tokyo,26.737908526808354,68.08057798281145,8.216655588657973,2024-08-07
Tokyo,22.301201598453193,63.67287313401341,9.760460575716627,2024-08-08
Nagoya,21.108476372988438,78.38183676795123,30.22073593021617,2024-08-09
Osaka,25.979226275488408,57.76534017628148,1.3820392319829855,2024-08-10
Osaka,20.10813611192484,56.506832038818025,0.2059375297847147,2024-08-11
Tokyo,27.041263778572358,59.805803941122676,2.6482715304569138,2024-08-12
Osaka,16.4870819788108,56.968202171657246,0.6967739778697819,2024-08-13
Osaka,30.14577818662822,67.9994190194205,0.11340586641273957,2024-08-14
Nagoya,27.362987412065216,43.83689391563412,2.2347712126266646,2024-08-15
Nagoya,26.28014867156938,49.46317580853646,7.656329021790304,2024-08-16
Nagoya,29.91345491972757,49.32197078420807,4.17563585401623,2024-08-17
Nagoya,33.32737222231288,69.50307591973575,1.875489395772082,2024-08-18
Tokyo,30.07185032509065,77.10613372581925,5.311527239748333,2024-08-19
Nagoya,15.795628843341774,58.955507814625285,1.3199460919587747,2024-08-20
Osaka,18.602115166321493,58.311782768099896,0.07242930686019672,2024-08-21
Tokyo,21.875907111521606,60.700521631131814,7.227109981674551,2024-08-22
Osaka,25.13045525105417,71.6187830260819,4.88741541994483,2024-08-23
Osaka,27.588295102345615,50.72646865809426,7.183784729547108,2024-08-24
Osaka,21.371280934232672,62.38368982734785,0.19858186663832364,2024-08-25
Nagoya,25.93383382238539,69.7519762978243,9.073696303464502,2024-08-26
Nagoya,21.22308533823339,65.01094169939846,4.8316898045698,2024-08-27
Tokyo,21.942410985040258,61.89581616598743,4.143635930371261,2024-08-28
Tokyo,17.96669451575889,70.01046092567141,4.899002886260929,2024-08-29
Nagoya,20.38383376944548,32.967677070007625,9.991455584666099,2024-08-30
Osaka,18.24157697191833,66.77875319530908,4.420769803459724,2024-08-31
Tokyo,20.120633735113337,53.45924316872576,4.348829704919095,2024-09-01
Nagoya,30.268208983039198,41.69367103143543,23.37751105393526,2024-09-02
Nagoya,20.253005555840286,65.11202599524981,7.067920140598498,2024-09-03
Nagoya,38.161910324186955,73.73658545162958,2.919614941672946,2024-09-04
Osaka,27.466589504404446,58.62551485372308,6.144692688281089,2024-09-05
Nagoya,25.92418061847437,69.52874547202939,2.4651779752405427,2024-09-06
Nagoya,20.708211099093933,76.12278257988646,1.2995269560208722,2024-09-07
Nagoya,28.501549397044958,73.14914453584048,4.5422561670941555,2024-09-08
Nagoya,22.12181086881113,76.39964529371393,13.168107520581172,2024-09-09
Tokyo,25.610049073226808,67.42127491071892,13.235212029327808,2024-09-10
Tokyo,37.800422691343975,60.754336389015926,2.092032018851315,2024-09-11
Nagoya,24.51970050137675,43.980341881028316,3.750465962435363,2024-09-12
Osaka,30.74636663142838,57.53937511870051,1.1889761909378165,2024-09-13
Tokyo,21.48411787437056,51.567534046838084,27.16623096007408,2024-09-14
Nagoya,24.82505754751519,81.70942717497815,19.84770656162156,2024-09-15
Tokyo,33.85400317817755,58.24114187567663,5.2421002494304805,2024-09-16
Tokyo,21.865164711061162,61.23204806784486,8.158777018532883,2024-09-17
Osaka,34.062242789984644,65.51485376040468,6.27808801792394,2024-09-18
Nagoya,28.538759677277376,60.436024463724536,4.496654568445091,2024-09-19
Nagoya,22.18766612052866,76.95051040430752,0.2741186319598373,2024-09-20
Osaka,28.162038695277605,53.77350638265548,3.0326858939522596,2024-09-21
Osaka,29.86277224813365,61.94607455237243,5.616363904695659,2024-09-22
Nagoya,28.10904981108598,52.57529414301952,5.658750875488164,2024-09-23
Nagoya,17.148876400547717,46.79977488779294,2.3350216057317392,2024-09-24
Osaka,21.364314120875658,53.882309090947146,14.21007872475774,2024-09-25
Tokyo,23.762406822242475,59.62963202951588,0.9157516941152922,2024-09-26
Tokyo,24.62783285449977,55.7069777548274,3.469331657590699,2024-09-27
Osaka,28.103360487753392,53.07579020126144,5.870192960707369,2024-09-28
Tokyo,25.888505004666268,45.93682536328166,5.972353891048593,2024-09-29
Osaka,18.323278206449494,59.16894427371305,5.229704854910359,2024-09-30
Tokyo,26.900989255029817,44.952796259689975,1.609906194807168,2024-10-01
Tokyo,28.052928726419115,67.60055963689602,0.8492378198547863,2024-10-02
Nagoya,27.7989522396552,60.824397529345035,5.0521874374619475,2024-10-03
Nagoya,30.403903627773108,45.4244850053507,4.572737712303205,2024-10-04
Tokyo,29.16961077274452,56.907909229501364,0.9883294682328686,2024-10-05
Tokyo,27.295900396142184,52.478435944094166,6.106258569092443,2024-10-06
Nagoya,24.649171442706766,63.1917451041918,3.0364255764388965,2024-10-07
Nagoya,16.69519533242004,73.40450446023145,5.509497301556076,2024-10-08
Nagoya,27.148091095662927,41.248275303542556,9.081298204613951,2024-10-09
Osaka,26.038438435815557,61.150260791474174,0.930012186111506,2024-10-10
Tokyo,26.357894185976868,58.398672044333594,0.09665252060320517,2024-10-11
Nagoya,18.616257120898453,66.71340076450466,7.55028438535453,2024-10-12
Tokyo,19.594717297958688,62.131966282376894,4.704165038596199,2024-10-13
Osaka,30.26576426666452,52.48030668261181,6.013860454390006,2024-10-14
Osaka,24.802224230716725,56.80946064333382,9.105580186750542,2024-10-15
Nagoya,28.40750348686312,52.03974143196511,8.117961443897677,2024-10-16
Osaka,25.141591880652307,70.76007138598598,16.210741057540957,2024-10-17
Tokyo,25.148780697478728,60.21311648671942,3.838654101381316,2024-10-18
Nagoya,29.691419029879988,79.01190685753008,3.3519957766380086,2024-10-19
Tokyo,22.41977635891313,59.39339186185379,2.5698795693722025,2024-10-20
Tokyo,25.480603884704916,52.91593233089537,0.8343539423031892,2024-10-21
Osaka,22.688623556474788,44.862856073871725,4.250259296105759,2024-10-22
Osaka,22.82751886283842,41.96860323744055,1.6218168984630423,2024-10-23
Osaka,23.454139382656802,44.158640569945106,12.711037909505007,2024-10-24
Osaka,26.110668858168566,62.67126651011483,4.375633630557236,2024-10-25
Osaka,22.606256891682612,65.08725023229934,4.492747468663413,2024-10-26
Nagoya,31.278780627867604,44.188092979678665,2.19194082082837,2024-10-27
Tokyo,20.52696348890248,68.95038314076115,0.2669477234958443,2024-10-28
Tokyo,24.065641779193204,55.1693894831656,0.16129260770302406,2024-10-29
Tokyo,22.801344708629124,61.467930119855495,2.752470101567029,2024-10-30
Tokyo,32.23488942176866,76.12220628255425,0.44178164933378405,2024-10-31
Osaka,25.982773882557872,68.96839315865532,4.667781584065128,2024-11-01
Tokyo,30.159222697343175,57.314693520941674,10.64202484115725,2024-11-02
Nagoya,17.57219813481514,51.08807774584713,10.724267725759072,2024-11-03
Nagoya,26.335251329346296,38.48184598670695,5.380029890547041,2024-11-04
Tokyo,29.448153978117183,52.8084668075758,1.1864141540467563,2024-11-05
Tokyo,25.41141994637712,57.88869761172305,9.938756123270604,2024-11-06
Nagoya,30.327401875326757,50.12820472848816,10.86188387330262,2024-11-07
Nagoya,22.41355774949814,58.68743032907695,1.0948462850360547,2024-11-08
Osaka,32.0467372009279,60.768518829587684,6.686113292848202,2024-11-09
Nagoya,36.49449061809625,57.751440181919214,1.6880012053853386,2024-11-10
Osaka,23.185807197801704,53.4999741917654,8.113636947089958,2024-11-11
Osaka,22.77248739299614,61.68654671966728,29.458819920511765,2024-11-12
Osaka,32.2669223855885,64.41940649569409,0.15243008731011756,2024-11-13
Osaka,32.89786072865356,49.096009225571535,11.382923547395158,2024-11-14
Osaka,22.385699864233658,74.10932379746271,4.8726527722878155,2024-11-15
Tokyo,22.899065914520712,59.014118677157384,18.130954308603386,2024-11-16
Nagoya,23.591076955697464,60.188496229448475,3.1275316100669692,2024-11-17
Osaka,18.277747444828613,67.08214423256557,9.399280356643363,2024-11-18
Nagoya,20.40674026757901,62.332161312635016,0.32212767012842175,2024-11-19
Nagoya,19.97929616623966,69.53136633913245,2.0419397528551704,2024-11-20
Osaka,21.161012174479357,62.87124165201824,0.3468390182076232,2024-11-21
Tokyo,24.826575563066093,53.87562625359562,18.513499282987343,2024-11-22
Osaka,26.171073662682602,63.61503525206102,8.490632765453647,2024-11-23
Tokyo,32.75250246407038,48.56273792679338,9.5712432743357,2024-11-24
Nagoya,20.008229796306047,61.085597057765234,13.900301338964836,2024-11-25
Tokyo,29.921611992382918,59.66770009355539,0.4447215984366044,2024-11-26
Tokyo,23.930055778872454,57.918831427274604,2.435525893605109,2024-11-27
Tokyo,24.752681451737836,58.71462488561069,0.36842048178420517,2024-11-28
Nagoya,28.37409746083302,41.18150954502361,1.1836338190250637,2024-11-29
Nagoya,19.386389892188507,54.512750922590385,1.3027071848820395,2024-11-30
Tokyo,26.912048730920255,60.928449011411146,3.1659759108498404,2024-12-01
Tokyo,25.83226104106528,61.598563919974005,1.5637152419979117,2024-12-02
Osaka,27.462256320040744,49.72324859074042,0.5322394599515666,2024-12-03
Tokyo,26.44584321953909,72.65707840864701,0.9165567669698085,2024-12-04
Osaka,37.276500699554475,51.33825151785499,0.7965941795647717,2024-12-05
Tokyo,21.81130007874342,69.69457200526736,18.073834164996214,2024-12-06
Osaka,22.345015224990913,64.27194361871685,7.1208640215077725,2024-12-07
Nagoya,21.88429736787618,53.53772690156197,17.172964055921454,2024-12-08
Tokyo,22.222614404198726,77.75310892609512,2.896775928236257,2024-12-09
Tokyo,21.81306436346741,48.0636316824352,1.631203163910938,2024-12-10
Tokyo,30.94508265553776,69.19154173610002,8.00470053659235,2024-12-11
Tokyo,32.102521239949276,70.00582318042979,1.9745098602513413,2024-12-12
Osaka,22.14626853125262,53.293797909233554,1.7789721849606435,2024-12-13
Tokyo,20.838222134478855,73.92465300064329,1.3231230349408831,2024-12-14
Nagoya,27.35707778193202,57.49953485401047,0.6944657242346085,2024-12-15
Nagoya,22.238884778595143,62.88693629279857,1.481684158781171,2024-12-16
Tokyo,28.164659088777555,62.603218387712204,2.1950040958558246,2024-12-17
Nagoya,26.0146151042565,58.65691258529452,5.604200656745553,2024-12-18
Tokyo,17.42127942501384,68.10808273159782,0.3230384428183206,2024-12-19
Tokyo,32.737526006650306,67.93488720552213,1.1818211763742075,2024-12-20
Nagoya,33.97938836547761,42.51468026761819,8.278028148781994,2024-12-21
Tokyo,21.93605654757807,73.04340242878152,0.7945210206221643,2024-12-22
Nagoya,23.061492200320078,43.37508011964326,2.0976564723377953,2024-12-23
Osaka,26.429326953624525,70.32546204341658,9.99978591018371,2024-12-24
Tokyo,26.672283949935125,71.26705136827583,0.8416513317584938,2024-12-25
Osaka,28.29272136336415,49.09033569784802,0.4318043191951981,2024-12-26
Nagoya,35.05102269383175,55.891857120454155,3.3134584176867077,2024-12-27
Osaka,24.11526386252975,48.94295331514064,1.8006868796389461,2024-12-28
Osaka,21.00851377730773,57.850789697112646,4.143784966406359,2024-12-29
Nagoya,18.103403859927365,56.919657158142584,8.143228290865643,2024-12-30
Osaka,21.345349800290403,67.7966053226934,0.7375633156735949,2024-12-31
Osaka,24.834365135631014,73.10308746119608,4.3458322076818146,2025-01-01
Nagoya,33.97278931758894,73.95683810789956,3.521129218640965,2025-01-02
Osaka,22.411943504819142,54.37831973421698,0.7778847340567875,2025-01-03
Nagoya,26.118939758194493,57.90778126255472,4.890810538759516,2025-01-04
Osaka,24.91788551963624,43.1656180777905,1.598550472856222,2025-01-05
Nagoya,30.94196636724042,51.94129933503811,3.345535548474945,2025-01-06
Nagoya,37.63466212936811,69.64851633097457,0.4292729095505401,2025-01-07
Osaka,22.345656135398396,76.15582823548232,3.0770808575299577,2025-01-08
Osaka,22.55280278740889,47.65651128120078,1.8297568147735686,2025-01-09
Osaka,30.22080438534536,54.075357408471056,8.640578305722409,2025-01-10
Tokyo,28.40945744813156,59.73594243041073,0.2933321887280849,2025-01-11
Tokyo,34.23353662868017,62.80161158819607,2.711644018475361,2025-01-12
Tokyo,27.919640926629818,51.90396480078354,3.0664278999475174,2025-01-13
Nagoya,23.203539546064704,64.2406104446409,6.455031385964184,2025-01-14
Osaka,27.953274153461546,55.26160652929084,4.269956097824136,2025-01-15
Nagoya,30.543517902914537,59.855477291217206,5.501253208091015,2025-01-16
Tokyo,29.102410905986822,65.462842480037,7.504022719200143,2025-01-17
Osaka,27.53637015553649,60.064222698109376,9.909867500789174,2025-01-18
Nagoya,30.333373447945768,55.63614109473431,1.8834808803283205,2025-01-19
Osaka,30.846477952228362,58.90390196074169,3.861197674587034,2025-01-20
Nagoya,31.910794955187637,59.11637040794665,9.16628591119818,2025-01-21
Osaka,28.243549437948214,56.29988970117872,22.758683126428632,2025-01-22
Tokyo,24.164409598415727,57.41203937332897,11.014572669368903,2025-01-23
Tokyo,25.733568432166614,75.98647170504717,2.3218358210038934,2025-01-24
Osaka,31.032544832541785,65.6091944794124,1.085599383242565,2025-01-25
Nagoya,20.91532164506382,57.045196819708394,3.3607707946998784,2025-01-26
Tokyo,26.843366544364507,66.96954404510736,6.7670346863203505,2025-01-27
Tokyo,23.033305938363196,56.6618051024399,3.3919733866756934,2025-01-28
Tokyo,25.143724114674086,71.73124637586642,3.300311490037453,2025-01-29
Osaka,31.392259313036494,63.69642192198094,9.107911543049326,2025-01-30
Osaka,25.955495340099517,58.92697855995771,2.242414582282474,2025-01-31
Nagoya,25.232182740780743,64.47716925810278,9.823236611522212,2025-02-01
Nagoya,18.200719295100406,44.291238479315005,2.611158810307507,2025-02-02
Nagoya,28.731267830136105,48.73232531090195,1.9892194104343908,2025-02-03
Osaka,28.227420905705376,48.060749936009444,3.025589128758565,2025-02-04
Osaka,35.8162736165273,61.429430947637066,7.186821742735029,2025-02-05
Nagoya,23.461108825234994,77.32514999485092,0.6733861176990653,2025-02-06
Nagoya,26.095751638319694,82.31300146192632,1.0933877928111206,2025-02-07
Osaka,26.246918418553776,66.38051101440757,15.125272562192738,2025-02-08
Nagoya,32.887266398817374,65.00844474944456,0.964839911254856,2025-02-09
Tokyo,24.523522338065238,41.989422658472606,4.193493406866942,2025-02-10
Osaka,26.395107628851697,54.57326200265978,4.329348380491145,2025-02-11
Nagoya,28.039482548582697,52.12216248091761,3.3630423765726603,2025-02-12
Osaka,25.93304561578179,53.79152401748884,5.174600686113209,2025-02-13
Tokyo,22.767831927247357,58.318561814152105,1.3056987900925896,2025-02-14
Osaka,25.97044996449154,55.27909422302873,4.022207082914743,2025-02-15
Osaka,30.36815874929886,40.20700189624212,2.3274551736404088,2025-02-16
Osaka,19.8674235029447,67.47910256117534,5.418627143872415,2025-02-17
Osaka,25.66484837073438,49.27256974260193,0.7612331381052285,2025-02-18
Tokyo,21.499395925304135,62.39246864111149,4.230063296187814,2025-02-19
Osaka,30.975233144624212,80.74082669749973,1.024494725853495,2025-02-20
Osaka,17.384065476081126,50.80615408413577,1.6331060305257064,2025-02-21
Nagoya,22.205390763642058,34.697124772536704,1.2340431183475278,2025-02-22
Osaka,26.886059375322603,57.139957781198895,1.0095882398980869,2025-02-23
Nagoya,32.827620146171704,71.00959634998571,8.73520080051758,2025-02-24
Tokyo,24.67124869463506,79.58347454220593,1.6823141569534437,2025-02-25
Tokyo,22.22400236653401,47.70450405547583,13.094964595202686,2025-02-26
Tokyo,34.40578534720295,64.96699223236521,17.52055868226091,2025-02-27
Tokyo,17.75993049791878,55.34689543219947,4.2345285023925685,2025-02-28
Nagoya,14.005970216899591,58.94051645695864,0.7715933519011431,2025-03-01
Osaka,27.20007225026666,86.44343347017035,2.3464053987741575,2025-03-02
Tokyo,22.489728878236946,44.970296716048466,7.990815151086437,2025-03-03
Osaka,19.893835914346433,62.537396614945735,2.289511561743342,2025-03-04
Nagoya,28.541782236496765,64.67693171765433,0.45519128802100783,2025-03-05
Nagoya,26.219003568855996,70.85786324939347,4.068500491944789,2025-03-06
Nagoya,22.179606846316357,60.97983153470896,9.325550766240665,2025-03-07
Tokyo,18.59847800664553,63.08050539504102,7.9463725144594495,2025-03-08
Osaka,29.362286641400722,56.08351432578209,0.9626058227600851,2025-03-09
Osaka,28.251005889793305,62.69126941245107,5.585377667199042,2025-03-10
Osaka,24.504120681103085,56.5680772450259,1.245540299742289,2025-03-11
Nagoya,34.23318498023833,66.21571889856051,1.2308298155587216,2025-03-12
Tokyo,19.649576168369236,56.30389663956366,10.36021581868679,2025-03-13
Nagoya,17.372374145376305,63.77100393902187,1.4362038674606603,2025-03-14
Nagoya,21.540459650593778,59.707371863150215,1.5275152788324524,2025-03-15
Osaka,24.77206991822251,71.26050250772168,0.0032680215703518455,2025-03-16
Nagoya,26.21669724661346,59.48606276411514,10.22690266644361,2025-03-17
Osaka,23.79381971071835,42.26967531793119,7.865404874322916,2025-03-18
Tokyo,26.760276982571483,72.61921500713991,4.935295559612935,2025-03-19
Osaka,18.74230287904778,50.94267699137381,6.9367899115989875,2025-03-20
Tokyo,32.2188230203663,53.4623366135118,0.8246595886831491,2025-03-21
Osaka,24.589244108037157,54.04338705956508,3.0654324691254775,2025-03-22
Nagoya,30.586479157940637,73.74438093170818,2.1633032924217135,2025-03-23
Nagoya,26.71362673188852,38.64325786021304,0.49234671797103785,2025-03-24
Tokyo,27.283766095768918,91.37748533659993,3.3289295402065058,2025-03-25
Tokyo,27.84883640116102,70.56056809066052,12.675086398529636,2025-03-26
Tokyo,27.238542800086574,62.2323891412916,0.20441789380499487,2025-03-27
Osaka,28.21361379933772,59.451059993837134,1.722750267019295,2025-03-28
Osaka,31.645762650662157,62.85554074857657,1.1630721454153987,2025-03-29
Tokyo,25.98260584850735,65.21122428379338,1.3600060034847197,2025-03-30
Nagoya,28.54501878794256,66.45215585950056,11.953506411923291,2025-03-31
Osaka,24.551321528563868,65.55604466003449,3.156207996288356,2025-04-01
Osaka,32.200586077247365,60.895806812552486,3.1396014783062025,2025-04-02
Osaka,21.61803848970365,58.02661579692674,7.147588734519326,2025-04-03
Tokyo,34.004702164554075,58.487267163464885,0.8390894505614923,2025-04-04
Tokyo,24.799210246778284,58.05091719647319,3.339984135452396,2025-04-05
Tokyo,17.84612448940976,71.33770096867065,2.8104648917574453,2025-04-06
Tokyo,25.640522074553946,65.93556722280861,4.542985650204533,2025-04-07
Tokyo,21.594741712625595,30.596113653357197,38.617647610312304,2025-04-08
Nagoya,29.203217744943622,66.55900776529761,7.336413617363867,2025-04-09
Nagoya,21.736880103488044,61.94736194718775,2.5363738693217295,2025-04-10
Tokyo,22.769082833926102,59.81291243554102,8.788328196142539,2025-04-11
Osaka,15.552296345272346,56.11481546911114,0.9359169618058403,2025-04-12
Tokyo,22.738468403754617,71.24112719986013,0.15468674449368608,2025-04-13
Nagoya,12.880603366855217,69.47526462122858,1.1435976691547312,2025-04-14
Nagoya,17.080485882571384,52.27122332176391,2.0806960416615414,2025-04-15
Osaka,28.802073280721487,64.07052287124534,3.5726790505528023,2025-04-16
Nagoya,28.92900079325416,50.28343265458714,4.774237154703567,2025-04-17
Tokyo,27.127287808924823,46.203818352110694,12.07349274895966,2025-04-18
Osaka,20.165119284353935,53.73282775410035,3.5652599627986885,2025-04-19
Tokyo,24.7614432192901,68.62393472382759,3.4785086494797635,2025-04-20
Tokyo,24.981987304547157,69.53125045376086,0.25774563461784317,2025-04-21
Osaka,19.208176554037287,65.13085420097293,0.1776776328235749,2025-04-22
Tokyo,32.51699150883575,67.25095786847997,4.005443586682345,2025-04-23
Nagoya,29.386811452878355,65.16178287114958,2.8828564838544906,2025-04-24
Tokyo,23.89517913085168,53.585184047770476,9.137360039524067,2025-04-25
Osaka,25.134429194972654,64.31922544673941,0.8758137200227976,2025-04-26
Osaka,26.04191403973776,68.00409525227683,0.12644371955660194,2025-04-27
Osaka,14.791325657878547,67.54291329813574,2.9804541576218884,2025-04-28
Tokyo,23.764113087397014,71.88913371474644,1.3556232430193662,2025-04-29
Osaka,21.590078760011007,67.08303847201064,0.2544372697534939,2025-04-30
Osaka,19.991899950525422,63.51448207541583,6.447622360550428,2025-05-01
Tokyo,23.594498535570224,70.70150238316427,0.5916265380557515,2025-05-02
Nagoya,33.988432634247616,59.7347874075094,4.6865441128329985,2025-05-03
Tokyo,28.20421430633505,51.18125348772282,1.649815586056245,2025-05-04
Osaka,22.144105051086015,58.36933036056236,0.9527529148633623,2025-05-05
Osaka,27.862913906780793,52.55097355193551,2.388175558723339,2025-05-06
Tokyo,31.99677718293001,53.24821725025618,8.083465242579141,2025-05-07
Nagoya,29.623168414563843,58.55481329284482,2.4886715912187767,2025-05-08
Osaka,25.29815184960087,52.075800790000386,6.946888532959782,2025-05-09
Osaka,21.76531611147213,56.9203847036096,0.6704365744556661,2025-05-10
Osaka,28.491116568067948,41.063853330462145,7.408994031594318,2025-05-11
Tokyo,26.967426927108747,62.13293707372939,1.352049330360584,2025-05-12
Osaka,29.475966100138663,60.012054753622245,5.656604087255282,2025-05-13
Nagoya,28.175859008409848,51.82911368931809,4.171037708251309,2025-05-14
Osaka,30.247763576596675,66.59245668432405,13.235578763142398,2025-05-15
Osaka,22.32382394219716,69.37570137626558,2.4495830598328183,2025-05-16
Nagoya,31.586970328171628,43.924401356310256,0.34227859051140086,2025-05-17
Osaka,25.987998023461998,52.37275221433786,0.09670664486445757,2025-05-18
Tokyo,35.37630436312632,52.30857650212702,8.768232259392127,2025-05-19
Tokyo,21.55406090955216,50.600968988911355,3.719420387367803,2025-05-20
Tokyo,33.67981901582625,68.29474841931749,7.463700701425875,2025-05-21
Nagoya,25.989553917313238,58.06173861227197,1.335644386220155,2025-05-22
Osaka,21.74290998192776,57.35485158689389,2.1162395363326136,2025-05-23
Tokyo,22.58057082972839,39.961376355932465,0.15283148986313605,2025-05-24
Nagoya,23.3982634590284,66.35418030209226,16.284488479234657,2025-05-25
Osaka,27.120829732009582,47.60741605146528,5.511112589061934,2025-05-26
Nagoya,27.6141774401775,60.599326302663286,13.530641827008182,2025-05-27
Tokyo,22.131499980307105,62.773769379581914,1.5428019610061596,2025-05-28
Tokyo,24.878227038695087,73.60658595838652,4.726842243809473,2025-05-29
Tokyo,35.71135179305932,46.91179600880888,5.673788183406287,2025-05-30
Nagoya,33.637715850503554,29.804878441791747,1.9103278773241574,2025-05-31
Nagoya,27.18161834837016,61.83849544753695,9.422968339540976,2025-06-01
Tokyo,25.190017390841,78.00511181510853,14.702572425907544,2025-06-02
Nagoya,25.600156633591308,72.38946352939438,10.80782048718696,2025-06-03
Tokyo,28.06758986365208,62.096594152746256,6.717457586923357,2025-06-04
Tokyo,19.886037174007974,55.08363814367953,1.624944869983028,2025-06-05
Osaka,23.713117312883274,68.0712259663731,1.6537554628434192,2025-06-06
Nagoya,16.657079630612053,50.26453800295531,16.53311742506215,2025-06-07
Tokyo,26.996115613026397,64.7635776935622,0.051688733920392256,2025-06-08
Tokyo,28.235979698513706,65.05470159166627,6.294785092121541,2025-06-09
Nagoya,22.58406768850313,70.6020990749888,6.125065749837182,2025-06-10
Osaka,32.869933816450164,87.59660038911078,4.873434658081642,2025-06-11
Osaka,18.871171684988294,63.92415967178767,23.080572327089858,2025-06-12
Tokyo,17.6781255989509,54.910363742925014,1.8689560884289393,2025-06-13
Nagoya,26.12225909279986,59.74425687808006,2.0773640712701704,2025-06-14
Osaka,30.235491513060772,42.30924095110882,0.41114725022456916,2025-06-15
Nagoya,33.419638457289345,53.05286868910942,2.924138463799997,2025-06-16
Nagoya,22.7055786856553,55.90717561886896,1.5126151245955821,2025-06-17
Tokyo,30.39340416715648,54.759116020654076,2.1033001078636575,2025-06-18
Osaka,24.807457652496463,61.52354872033722,8.996089781267631,2025-06-19
Tokyo,24.136863500295902,51.775800676177994,13.704249918254913,2025-06-20
Osaka,29.41829968743336,71.21030667324472,1.0273352268225353,2025-06-21
Osaka,28.2616143920671,60.002070649181974,2.3301292081441805,2025-06-22
Osaka,17.118039215078753,59.90699678861385,13.199427710520375,2025-06-23
Osaka,32.38270174862948,56.72105283487082,0.31900575565085665,2025-06-24
Osaka,31.900456770737257,61.551906838589794,0.48454018310194,2025-06-25
Nagoya,21.872186492452354,68.25098264667635,0.8884076272803241,2025-06-26
Tokyo,26.979017667187044,51.328697842890996,4.521969331851857,2025-06-27
Nagoya,27.470150931413695,53.41883510924743,0.8153734842803941,2025-06-28
Osaka,26.303368829119535,56.96273971223335,17.222045748766888,2025-06-29
Tokyo,22.2484742307729,46.54129076526785,2.9594059254304432,2025-06-30
Osaka,21.641883160309742,51.807421402785025,3.480938595079946,2025-07-01
Tokyo,24.872229645042772,55.23779126455341,1.4161839422852345,2025-07-02
Nagoya,30.86364509629682,68.74389180712727,3.1834585638603845,2025-07-03
Tokyo,27.71800077297216,62.62561329001925,5.422269456987178,2025-07-04
Tokyo,23.14692833956947,61.93589911367545,6.955070145337542,2025-07-05
Tokyo,28.858493553241722,68.50897962167971,7.009438188166358,2025-07-06
Tokyo,10.757286896849623,58.62628211600603,4.312459857190263,2025-07-07
Tokyo,30.743828501860516,63.904648499288896,11.735808918792035,2025-07-08
Osaka,16.301431106109504,58.96778247067504,8.502501435670823,2025-07-09
Tokyo,23.18779529298434,62.653623493996285,7.074459290608738,2025-07-10
Tokyo,19.401650526869282,54.17241342388418,0.28605660274103417,2025-07-11
Nagoya,18.526592621395473,35.611828417235714,0.03450862210747384,2025-07-12
Tokyo,30.804133936892597,58.65720837813696,1.1941248046516135,2025-07-13
Nagoya,22.661493993440544,74.2274813609994,5.446136239986656,2025-07-14
Osaka,26.73251940865358,69.26215402241593,2.6483222338555295,2025-07-15
Tokyo,24.76539710560408,69.6539748459117,2.5742205964007474,2025-07-16
Nagoya,27.385204136115608,72.36130721806218,10.796186555842173,2025-07-17
Nagoya,25.384109455301278,60.88657590961437,11.295849030154477,2025-07-18
Osaka,18.58503887905715,61.973157074055955,11.994118040788866,2025-07-19
Tokyo,29.9813340972357,53.8234810456565,1.8834996801044137,2025-07-20
Tokyo,22.531217084193436,56.8392714397295,5.87297321075241,2025-07-21
Nagoya,17.217090506701247,66.15771149771142,1.5847524290519641,2025-07-22
Tokyo,22.859424195170437,72.03884437168816,1.057370976056068,2025-07-23
Nagoya,32.503798953171554,58.60553724319001,1.0205814740946557,2025-07-24
Tokyo,29.251108710567465,55.498107351485885,2.0935695928863476,2025-07-25
Nagoya,23.256739327960705,60.005279588565976,2.8102228482699436,2025-07-26
Tokyo,23.253711478407855,66.01206748929116,8.887779231457117,2025-07-27
Osaka,23.391824743913087,45.56145183866458,0.6385481087491485,2025-07-28
Tokyo,35.383739917804206,37.03819046862762,6.6387283549360445,2025-07-29
Tokyo,26.909677261157768,54.494631505084165,3.7906147377303485,2025-07-30
Osaka,27.150208235955347,47.79287574085841,1.6980030230600378,2025-07-31
Tokyo,30.15141727015921,54.91859802352689,3.394442448212634,2025-08-01
Osaka,26.193945795132567,58.52219681182528,1.7829609495077299,2025-08-02
Tokyo,23.704789270896484,55.467515909769865,4.53271640550258,2025-08-03
Nagoya,24.01825075457511,74.52467534470745,2.844427420597862,2025-08-04
Nagoya,24.641993702929682,63.2674476460232,0.8980593310915677,2025-08-05
Tokyo,24.813888817450792,63.004743596108284,0.6197901028445114,2025-08-06
Tokyo,28.6381477181849,66.22207144043402,3.9559579776970217,2025-08-07
Tokyo,25.259729429036497,48.61166882219231,11.635056661237526,2025-08-08
Nagoya,28.663200386077897,70.39111787420269,2.1076499495978767,2025-08-09
Tokyo,24.59641709945709,59.2423571346454,6.602535110824133,2025-08-10
Nagoya,25.393175951580453,66.70480617241212,5.374401002359871,2025-08-11
Osaka,15.008996577339461,49.28142766959844,13.408617619868695,2025-08-12
Nagoya,29.58163837351241,44.46241233983936,8.601317150779932,2025-08-13
Nagoya,26.732442379489964,68.17889658025028,4.180531620112004,2025-08-14
Osaka,29.99005054929826,63.76409526097517,5.350568759519473,2025-08-15
Nagoya,10.518723109031553,50.9794844564249,11.432892748977165,2025-08-16
Tokyo,35.44187352390364,51.303369187253054,2.5501195976414404,2025-08-17
Tokyo,24.302051859224132,71.2543478441477,1.9785247627584628,2025-08-18
Nagoya,30.540914083687582,48.10588107132672,0.05434974021507358,2025-08-19
Tokyo,19.800470364372345,76.42672953255963,8.759360493377885,2025-08-20
Nagoya,28.06386952531285,50.99379265352131,8.07176738031259,2025-08-21
Tokyo,19.73292218413172,66.38391925608383,0.5516113468993782,2025-08-22
Tokyo,21.881155196520975,56.71381524251015,4.300229981594398,2025-08-23
Nagoya,34.570156769333934,66.03187431082343,3.1179348664161926,2025-08-24
Tokyo,24.046587996183266,54.558859978858074,0.6318375474465349,2025-08-25
Nagoya,26.087164365898616,58.37207093927706,19.70422886118751,2025-08-26
Tokyo,29.35033865344377,60.40919175395721,1.2084211585809954,2025-08-27
Tokyo,27.47840943986302,49.978125442185274,0.3480055326070639,2025-08-28
Osaka,25.752094525717883,67.40824345420125,4.517457210631045,2025-08-29
Osaka,26.824805012331126,54.867864335284146,6.713620932495302,2025-08-30
Nagoya,37.01707792619138,57.714000846599816,0.1649070104427652,2025-08-31
Osaka,24.711906014832074,50.056506253914876,5.375225527050153,2025-09-01
Nagoya,26.005495233574837,34.376663412046895,3.7995542209415816,2025-09-02
Osaka,30.25327198003806,58.08972237399831,0.5449744983834416,2025-09-03
Tokyo,30.52762966478992,84.12615421612915,0.9468751323152913,2025-09-04
Nagoya,30.9351515278019,67.84604287898024,4.196350977771915,2025-09-05
Nagoya,28.19365111014592,59.80739620265605,1.7574251281346513,2025-09-06
Tokyo,19.284975436347583,57.37109170791732,13.928631509919766,2025-09-07
Nagoya,33.16715766150548,60.22465892812046,8.539120402026764,2025-09-08
Nagoya,19.26827303490656,65.4711911517521,20.542381689356006,2025-09-09
Osaka,26.513177326195166,48.19187184691155,1.5033018972719208,2025-09-10
Nagoya,21.22862074990321,71.14321694668872,17.48693915561699,2025-09-11
Tokyo,24.679308267035037,67.15381315441245,2.8214297415654244,2025-09-12
Osaka,26.6438120515174,67.18185725707934,2.13486472639357,2025-09-13
Osaka,26.606786077251364,64.38475738809727,0.25830642606752446,2025-09-14
Tokyo,27.109603771176424,60.1961665769399,0.2710416837253274,2025-09-15
Tokyo,33.06855634529323,66.7286123596682,5.888460209788519,2025-09-16
Osaka,27.2676715075699,65.91814133741379,3.0617913977190954,2025-09-17
Nagoya,23.779216823546758,56.45959289058976,1.2842878401807567,2025-09-18
Osaka,29.820435841441785,54.26398227103099,4.7592049292871925,2025-09-19
Tokyo,30.947352444623203,61.01856295261987,1.4575008823830735,2025-09-20
Osaka,18.86196092431504,75.49020151495188,4.3093886271036554,2025-09-21
Tokyo,27.98700034924929,47.60892924346099,2.225257667094912,2025-09-22
Osaka,28.50586371155449,45.324747342475604,8.673651739398307,2025-09-23
Nagoya,23.51218248320004,61.647608412365166,8.593367431283085,2025-09-24
Osaka,31.878534066558096,60.50887701856018,3.2442200837088957,2025-09-25
Osaka,24.249722064837368,61.73341664370408,2.160219394899083,2025-09-26
Tokyo,25.627882267357712,62.439531979085004,2.251474024364912,2025-09-27
Tokyo,24.13464087858065,57.76797745365195,8.192133421825595,2025-09-28
Tokyo,25.077895237907338,74.89863438602082,1.9888203081482578,2025-09-29
Osaka,19.518624565523993,43.99096021523484,1.1726618780401754,2025-09-30
Nagoya,17.79974558702853,51.71502975219754,0.44245330864340743,2025-10-01
Tokyo,32.97252531612486,58.96745239850953,3.143291311554214,2025-10-02
Tokyo,20.76519325840836,43.568111888458326,3.290175432324232,2025-10-03
Osaka,20.043038252718464,58.241455955679285,9.191385465563265,2025-10-04
Tokyo,14.233049431981426,76.61470165728018,1.2502534699439356,2025-10-05
Nagoya,21.805191261552487,60.20886488295962,2.3981795446533662,2025-10-06
Nagoya,18.38455103296251,62.30700905718683,8.26187683183126,2025-10-07
Tokyo,33.21007580068185,47.3983523482742,8.675674960755783,2025-10-08
Tokyo,30.04908544671317,53.83638591960523,2.4275040713585487,2025-10-09
Osaka,21.559248274111383,56.24803619676063,3.0728263731820924,2025-10-10
Nagoya,36.26217902672154,56.82284903243766,1.8069006287531844,2025-10-11
Nagoya,29.90882743495797,72.81643795003768,13.482205126989522,2025-10-12
Tokyo,23.37584308245689,65.57691060725125,0.6314669130403348,2025-10-13
Osaka,12.502971425632134,48.88542043062968,13.571555523709794,2025-10-14
Nagoya,36.45471286295371,62.46504778432005,5.757952669500003,2025-10-15
Nagoya,18.05213766618202,64.98221748496785,3.7918659851665666,2025-10-16
Osaka,16.773006265215542,71.40149038521267,0.16602135752814146,2025-10-17
Osaka,30.112852160048202,75.80540686568374,3.2274663257359943,2025-10-18
Nagoya,37.19876203169636,49.84905808172131,2.619116181453349,2025-10-19
Nagoya,31.92136409255259,51.89142488789662,0.8790270372663538,2025-10-20
Osaka,27.819545600261797,47.42422141085384,5.341525194576521,2025-10-21
Nagoya,27.97377170832643,57.659801408930186,17.72838368881519,2025-10-22
Tokyo,29.26707779390154,64.66358374446335,4.129837685176118,2025-10-23
Tokyo,28.794642948933827,69.87334516589102,6.272003882624176,2025-10-24
Osaka,26.405957119846878,59.24048976357477,0.35452949668158545,2025-10-25
Osaka,25.52100551975938,56.80152476745156,2.7035641137150757,2025-10-26
Osaka,24.687034360502388,61.51757992248741,0.6185191239833109,2025-10-27
Tokyo,21.23017705566662,51.64857098369977,4.744015841541465,2025-10-28
Nagoya,23.59662461566613,80.89538721694774,13.942140179522912,2025-10-29
Tokyo,16.535215929023074,43.923389728819416,5.420260016915131,2025-10-30
Nagoya,24.50830186602625,61.847405788957246,0.39956342567061587,2025-10-31
Tokyo,20.057044464245415,80.2360621922964,2.1899379219915143,2025-11-01
Nagoya,19.482053413921143,60.067998445599976,3.999914802101498,2025-11-02
Tokyo,25.899470755767393,58.099609649985055,2.5809311318943373,2025-11-03
Osaka,31.960011431722997,56.42554577189573,8.968126358031533,2025-11-04
Tokyo,29.591583030011563,58.19608318237592,8.428113401910903,2025-11-05
Nagoya,17.147496981884114,73.7284847467653,4.7315725948509915,2025-11-06
Tokyo,20.051859317148313,37.88138088670493,2.337696901076391,2025-11-07
Tokyo,29.70385593994108,75.33433701296326,1.4741133548511467,2025-11-08
Tokyo,20.087563032308452,45.76042847549855,0.559544650176805,2025-11-09
Osaka,23.876834250014877,57.333476707655855,2.191731722567041,2025-11-10
Tokyo,27.75026049512276,55.707555797013384,2.6651219939284987,2025-11-11
Osaka,20.158277725681824,65.88553269770719,5.632326925124914,2025-11-12
Osaka,25.5268775307298,44.01875648116253,5.367059868281256,2025-11-13
Tokyo,18.329872525408977,64.62172666081943,0.36343489389965566,2025-11-14
Tokyo,21.99316178024393,80.24309623286852,2.5147776669135355,2025-11-15
Tokyo,26.598909670712686,46.368259954071895,1.003113227188961,2025-11-16
Nagoya,17.035031332341653,61.89706167610396,0.8528308464195054,2025-11-17
Tokyo,27.202373689801995,53.38017822203391,8.78105870859818,2025-11-18
Osaka,24.901811005366593,64.25887206193036,0.2140950231550728,2025-11-19
Tokyo,27.762449772085738,60.19147777415752,2.7165966613329324,2025-11-20
Nagoya,26.119570670323306,53.5851309095569,0.9208382334480892,2025-11-21
Tokyo,31.82070214986922,64.87872284871074,10.573487596197598,2025-11-22
Nagoya,25.626122513239537,78.04348109786743,4.07138482603557,2025-11-23
Nagoya,22.852972294373735,58.09096208272701,1.315797039000406,2025-11-24
Tokyo,25.611487515161418,67.19757942148182,3.4900678830690413,2025-11-25
Osaka,27.71649014518194,47.06727042128836,6.574267822364975,2025-11-26
Nagoya,25.24430035162852,50.43563623181991,15.864496757970013,2025-11-27
Tokyo,25.202958456019413,64.72406277880377,1.2451666157664185,2025-11-28
Tokyo,21.490041560966223,74.84116028535965,10.865762977530828,2025-11-29
Osaka,21.68549541224526,63.5561334878566,13.613594879810318,2025-11-30
Nagoya,17.986973641001534,56.86941969476845,12.409787685418447,2025-12-01
Nagoya,33.7478837159347,59.99291405423354,5.044968972670079,2025-12-02
Tokyo,18.780683823043574,47.495922660302824,4.968838365187657,2025-12-03
Tokyo,21.53547401102046,66.04515326355367,2.580955236241663,2025-12-04
Osaka,21.40796367215401,68.82333062323409,6.979660926578272,2025-12-05
Osaka,29.474621884722207,55.4790966716692,3.7888980596113253,2025-12-06
Nagoya,23.52525160853986,55.299578522404985,5.657300669910428,2025-12-07
Nagoya,31.238710363368668,62.658782296520485,2.7970856970137055,2025-12-08
Tokyo,21.63254687878066,55.63280263959405,6.574455979103181,2025-12-09
Nagoya,26.39497081111901,59.338673853741774,8.699769781963521,2025-12-10
Osaka,20.823264733701215,80.99721789166516,0.7916752741484376,2025-12-11
Osaka,35.72574563886694,57.52974299254004,8.946703451395797,2025-12-12
Tokyo,19.062007904852436,56.41659847978778,3.8858681584589765,2025-12-13
Osaka,26.549103551135136,53.52458194364841,9.310885282174668,2025-12-14
Osaka,28.168884404660492,67.44191971499937,2.8220261254884176,2025-12-15
Osaka,27.068995487257492,58.18775826781897,2.382446965136942,2025-12-16
Osaka,24.073561705611457,53.506269616785744,12.329093890356795,2025-12-17
Tokyo,24.35089650133287,73.21304032273012,1.4462115619560123,2025-12-18
Tokyo,25.219057359895547,74.19603004513637,9.296306291709906,2025-12-19
Nagoya,24.264989991857558,53.99576434261295,3.308441917498218,2025-12-20
Osaka,29.819395583974547,41.33460048639384,3.6087152910890263,2025-12-21
Nagoya,36.05261500795676,70.07513689836922,1.8442312989449157,2025-12-22
Tokyo,22.212541074960832,53.15370174239996,4.255350505635326,2025-12-23
Tokyo,18.150985102104613,67.90625599162769,1.9667776021999341,2025-12-24
Tokyo,24.558589758243727,40.298961822881644,0.2003062856136337,2025-12-25
Tokyo,37.898546688271594,68.92597338299309,1.5872615752575572,2025-12-26
Tokyo,20.981627160151348,47.88828070719219,0.03199738222914365,2025-12-27
Tokyo,33.195584027220335,67.30764119066525,19.16485480076762,2025-12-28
Tokyo,33.388504070382204,60.142730678364344,16.869936262375717,2025-12-29
Osaka,22.232058791460027,50.460605806033556,2.5139177196934486,2025-12-30
Nagoya,27.844915395926378,55.929636870732196,6.516587890408427,2025-12-31
Tokyo,33.14198311564269,66.86318456956701,2.1217574292857035,2026-01-01
Osaka,23.104361295062564,61.05894453115234,5.55990360274469,2026-01-02
Osaka,23.982098199488192,65.84412980472484,8.184817523676712,2026-01-03
Nagoya,22.09159543025678,79.76440584515485,14.664373762425988,2026-01-04
Tokyo,19.926216346535668,44.357583882889486,2.5558973972415764,2026-01-05
Nagoya,21.753612274669965,76.17212574968624,7.646160312407585,2026-01-06
Tokyo,18.880298666188718,61.04355937523213,1.5457438820776304,2026-01-07
Osaka,25.17041734129613,51.01215951676872,23.19482619614794,2026-01-08
Osaka,21.15013384470679,46.696863742610105,0.13053725868436594,2026-01-09
Osaka,26.16892955895374,58.10879609222967,4.625759462519728,2026-01-10
Osaka,17.220521768981865,69.2165011192446,5.3867886040240585,2026-01-11
Nagoya,26.654401161072286,58.724508796224654,5.824490590486503,2026-01-12
Tokyo,29.167644808044624,75.11154930247348,0.6413694948500309,2026-01-13
Tokyo,15.031321787142723,45.48824309948441,13.946012527945165,2026-01-14
Nagoya,26.87028284923786,59.87911052153945,0.9994750205818287,2026-01-15
Tokyo,31.13834496236646,47.47606555586881,4.874281012770188,2026-01-16
Osaka,18.951794906543974,63.63631882624968,1.259490644510413,2026-01-17
Tokyo,33.362861934188516,68.868873900973,1.8351880931945868,2026-01-18
Osaka,27.095095046830227,55.792382063189464,3.953342975723864,2026-01-19
Nagoya,21.474940721207957,33.95786143372866,2.699499559696459,2026-01-20
Tokyo,24.72115461171147,61.98948146796494,0.873109979039669,2026-01-21
Nagoya,27.79163456260861,64.3673855173351,0.937292053855441,2026-01-22
Tokyo,25.380026957062057,64.04294754961698,2.707668195564177,2026-01-23
Osaka,27.693779962231847,72.35782191822155,7.079295169368647,2026-01-24
Nagoya,20.39663203460317,49.28946320350951,11.412179631090616,2026-01-25
Tokyo,25.84680412018039,66.8021610545045,0.439391466498047,2026-01-26
Osaka,17.9314275154751,71.92507512477975,2.496988423583337,2026-01-27
Nagoya,24.4438696932565,42.21412415993483,0.5281670073437332,2026-01-28
Nagoya,20.480461792676053,63.19651825918977,0.08365838868808263,2026-01-29
Tokyo,21.322350287051165,54.958201689923285,5.419387148993198,2026-01-30
Tokyo,31.18046587605219,59.18477326898354,4.612165814772763,2026-01-31
Tokyo,30.456550602971344,63.476764835383364,0.8897702242621857,2026-02-01
Osaka,28.045690604535885,55.12771435886448,1.3316439793397283,2026-02-02
Tokyo,19.538436176637106,53.24291920838388,0.11996652324404326,2026-02-03
Nagoya,23.41795775152599,60.34152417488025,9.007449453855672,2026-02-04
Nagoya,31.065488499895917,49.12754061137197,18.382896273127106,2026-02-05
Tokyo,25.708584568199523,49.141748711148146,0.7277858481349543,2026-02-06
Tokyo,36.59664769990847,66.79373282956503,1.3164123188918735,2026-02-07
Nagoya,26.96658919697186,48.51205964841344,10.140303165636087,2026-02-08
Osaka,25.960245582450156,66.66312500909211,13.049887246049575,2026-02-09
Tokyo,23.454417678987493,64.6259129285395,2.7204246914178967,2026-02-10
Tokyo,25.66770452391141,42.741932712094034,0.25974371557295006,2026-02-11
Nagoya,24.23765081809728,53.22435347664345,0.20094344265427083,2026-02-12
Tokyo,28.54054338344295,71.94109403047372,4.265991271765617,2026-02-13
Osaka,29.78351158397292,50.18834468860318,2.4952685018443055,2026-02-14
Nagoya,21.070052697460252,55.355957376906126,0.1453546083980355,2026-02-15
Tokyo,18.34383523221111,64.62060893251896,4.376372488848828,2026-02-16
Nagoya,15.818973134483517,67.83390509282596,0.056834478312091166,2026-02-17
Tokyo,27.539956634562717,57.48461113955504,7.741054610960924,2026-02-18
Tokyo,19.483166969130632,54.02489805308358,1.829535884361161,2026-02-19
Tokyo,14.235547035237586,74.22369861698508,0.20545391887733705,2026-02-20
Osaka,26.942893022654822,77.3889966379758,4.437936002857341,2026-02-21
Osaka,37.46499758716395,69.78858050781795,2.5348687125828055,2026-02-22
Nagoya,24.969645442300532,60.85318142565024,18.210058226649917,2026-02-23
Tokyo,29.19245387225821,51.91734278359074,3.9284911389096386,2026-02-24
Tokyo,25.409146792737825,51.695555934434346,1.6095679171834023,2026-02-25
Osaka,24.505551734044285,65.22514105265758,6.179706380335598,2026-02-26
Tokyo,29.595382414938843,64.18398220888683,1.5837833771435088,2026-02-27
Osaka,23.548627279056742,74.01598592946429,11.729722948735802,2026-02-28
Tokyo,26.336961570359513,66.50450092536138,2.347794404863573,2026-03-01
Nagoya,26.608489030980067,44.96919698240182,3.9910782807304046,2026-03-02
Tokyo,21.659547731784755,70.51947617722918,0.25948371804906173,2026-03-03
Tokyo,29.960211747682614,50.01939372685587,2.776685604582263,2026-03-04
Osaka,24.125201216522957,56.16028728047648,8.929787854022802,2026-03-05
Tokyo,21.221274202535778,62.502002062516944,8.190442374357614,2026-03-06
Tokyo,27.682549217852017,79.95667489783965,1.270066785346775,2026-03-07
Osaka,20.507660091044812,91.09918556005361,1.281427847696821,2026-03-08
Nagoya,25.140905786845643,66.06723059136183,8.499694460871767,2026-03-09
Nagoya,24.95440501677898,58.168033812796125,13.324840065913936,2026-03-10
Osaka,30.42947782915789,65.3450564848055,0.5010961143187671,2026-03-11
Osaka,27.373491164399763,68.87655425873837,2.9897181178911145,2026-03-12
Osaka,24.87486520627428,56.793323744428086,2.058328553094283,2026-03-13
Osaka,29.088831496001436,77.95211355912322,10.227653561256954,2026-03-14
Osaka,31.951037745086566,62.30070759191402,0.43610198332734024,2026-03-15
Nagoya,27.789051531759313,64.97743089091394,1.1857429694568054,2026-03-16
Nagoya,25.051763099216902,66.65924252054461,6.981083881060721,2026-03-17
Osaka,18.4408188382492,64.21586610614456,0.2632808448768751,2026-03-18
Tokyo,19.674431684623137,68.38940500469613,3.3916414309481366,2026-03-19
Osaka,23.47387647822666,53.82746813453077,2.9179407671138495,2026-03-20
Tokyo,21.952438989203586,54.41698246053969,2.035340803969688,2026-03-21
Osaka,24.06514348507277,48.99845767028305,2.5091007693553884,2026-03-22
Osaka,25.283249624485535,64.39501230620226,3.7744809074023227,2026-03-23
Nagoya,27.648463771783653,67.78936503512114,0.8799126053415917,2026-03-24
Tokyo,24.647506109704544,64.57772866151886,4.243112266340942,2026-03-25
Tokyo,27.43250821913101,76.74492433347538,8.18487627548699,2026-03-26
Nagoya,25.3223720740506,59.94403981170954,7.1389356067275,2026-03-27
Nagoya,15.122667168230643,66.68741655592513,0.835588052049445,2026-03-28
Nagoya,20.303323030906228,49.08299123860686,0.808181711588561,2026-03-29
Nagoya,24.279562221391924,56.12900297525599,1.5610650034924265,2026-03-30
Tokyo,18.95152628579446,66.95537757565778,2.23983887036828,2026-03-31
Tokyo,27.999643649981024,68.49102110743144,2.62509251776947,2026-04-01
Osaka,32.65375416171849,57.060330523358175,5.692442665775756,2026-04-02
Osaka,31.093809258486584,59.28400748141933,0.2917508476068961,2026-04-03
Nagoya,23.93278564534896,44.821262533191906,0.1764403427101483,2026-04-04
Nagoya,32.45363068424976,56.42970799193391,2.4871665370648692,2026-04-05
Nagoya,25.743337286010558,68.90383163519786,5.972814287665406,2026-04-06
Osaka,23.314570144409803,65.75205016106567,1.0748560735327195,2026-04-07
Osaka,21.9329866822953,65.00665721381209,5.129195595190131,2026-04-08
Osaka,23.487651567559357,60.4977368718096,1.504364368611164,2026-04-09
Osaka,23.059115907293858,60.07063158628176,10.861562282352137,2026-04-10
Osaka,25.85208111187744,53.39678860526553,11.301937549945613,2026-04-11
Osaka,25.802869905249324,66.98828420202534,1.764035057938895,2026-04-12
Osaka,25.015230100767074,64.20972944389389,1.306783262156281,2026-04-13
Nagoya,27.184690848731748,64.92018847992799,2.649226550765014,2026-04-14
Nagoya,30.953231373931708,54.739651573324196,1.3756827230918525,2026-04-15
Nagoya,29.747770677206617,38.46657080128756,5.5795630490897095,2026-04-16
Nagoya,17.575510157750482,70.97152711753695,8.745358995806876,2026-04-17
Osaka,12.230394325490225,55.211625439915956,5.590384468442902,2026-04-18
Tokyo,29.67159955619637,51.372242359568794,8.696322232633,2026-04-19
Osaka,18.165606507922895,66.93478911913994,2.529125421709347,2026-04-20
Tokyo,23.87617299053658,56.0798736008087,0.8498920631877976,2026-04-21
Nagoya,19.149434869703203,70.59936384046622,6.6961178453594625,2026-04-22
Osaka,15.9900978120999,66.17005949576698,2.2351439594779685,2026-04-23
Nagoya,27.70731364102394,66.83569323200477,5.562605221006178,2026-04-24
Osaka,28.795775801513233,46.340442887994655,1.577966232167478,2026-04-25
Nagoya,22.1174479963664,72.11943985386401,0.4235953125196913,2026-04-26
Tokyo,12.044788539275451,62.61250531233856,24.519091152837706,2026-04-27
Tokyo,22.268777758737585,56.307228607537965,0.8492078318230081,2026-04-28
Tokyo,26.959020027012734,61.43388467342251,22.292808225093893,2026-04-29
Osaka,17.605442156129357,42.2376476710168,18.92253358553752,2026-04-30
Tokyo,25.91679959889578,64.08652811480671,7.894982545309381,2026-05-01
Osaka,24.923450754135022,49.706284918179286,5.385569647955132,2026-05-02
Tokyo,27.896457498005443,46.47329714156466,4.311464212746629,2026-05-03
Tokyo,25.597901842070765,44.77640813782109,10.053367838174587,2026-05-04
Osaka,20.13465529559222,71.12688374989925,1.7085060709710604,2026-05-05
Osaka,30.982857508322457,53.707366063072115,3.1525637222570446,2026-05-06
Tokyo,24.20735213486515,75.337277099165,4.829899848381276,2026-05-07
Osaka,24.86347730245034,54.64198536947702,2.6482626810245047,2026-05-08
Tokyo,20.333660204634022,42.92642042407053,2.7885944142798054,2026-05-09
Osaka,22.783588744042447,48.83475560051341,2.0045126687582964,2026-05-10
Nagoya,20.575986429865495,72.35811620006939,4.153224333367971,2026-05-11
Nagoya,24.135269700382885,58.441018220633325,9.504787628013318,2026-05-12
Nagoya,33.558542400711715,54.51712703509399,1.1252792555119295,2026-05-13
Nagoya,18.140494285343216,61.60018225852788,13.623416747176256,2026-05-14
Nagoya,16.932193010616295,65.01782736167544,5.841221256891201,2026-05-15
Tokyo,32.35585163746804,71.1739881590246,8.665751567050782,2026-05-16
Nagoya,23.95338161424067,74.48499229892926,4.061801483558453,2026-05-17
Nagoya,21.654636306700418,56.40231354210914,7.559666651918516,2026-05-18
Nagoya,30.19952343698038,46.73952313917962,0.08166529251670321,2026-05-19
Nagoya,21.97192230131568,55.86534838876724,8.529205127799829,2026-05-20
Osaka,34.13004856773468,62.60280506582886,0.20483324931462432,2026-05-21
Tokyo,28.389629356696346,50.36241073789389,11.032438677425304,2026-05-22
Nagoya,22.560442959271487,50.428490851049574,24.118339752657153,2026-05-23
Nagoya,35.786541066327516,63.437878815498856,1.7411780077289922,2026-05-24
Nagoya,21.97142538498331,59.51347648429549,1.180628253236455,2026-05-25
Tokyo,28.710476860046533,60.327969954115865,7.248585953335793,2026-05-26
Osaka,26.49646290203246,52.41504665299931,1.4586267837357858,2026-05-27
Tokyo,31.50870644699399,57.69599285794233,10.033275014712986,2026-05-28
Osaka,32.807555983634266,50.757668557316954,0.5426197488699128,2026-05-29
Nagoya,25.160020745328833,68.90198411124787,0.6731182095832187,2026-05-30
Nagoya,21.232910648269083,70.35249334723753,19.352379593401782,2026-05-31
Tokyo,27.299860714695583,41.53812137761906,5.601819212974187,2026-06-01
Tokyo,21.61142315123947,50.7048913980759,9.382902669376879,2026-06-02
Osaka,35.066936237633115,45.03470744909921,1.9602478314211715,2026-06-03
Osaka,25.682676655413687,53.49976065593102,5.642529664908359,2026-06-04
Tokyo,23.173392243439455,59.16562030209639,4.509989653028422,2026-06-05
Osaka,25.923401529324543,45.5035478030147,4.62098603068179,2026-06-06
Tokyo,18.264368552351517,50.78140186874687,5.7368985032009885,2026-06-07
Osaka,20.141929807446743,49.960426279185015,4.282557903060909,2026-06-08
Tokyo,31.00206953972213,62.07267329398944,2.8023765174638857,2026-06-09
Tokyo,21.71552860514302,60.6934433703625,1.6142855828953255,2026-06-10
Tokyo,19.7654450865903,52.78262446662747,7.317633943115004,2026-06-11
Osaka,27.68326376263643,61.76820872139398,1.282677220495336,2026-06-12
Osaka,30.928520773314986,54.533199154127345,5.894032514100096,2026-06-13
Osaka,28.594766553325336,57.283448896739465,1.328512498118268,2026-06-14
Tokyo,29.980238429029082,76.73452090298537,4.908550470250956,2026-06-15
Osaka,21.216024557152696,73.40461051790348,6.873375971781753,2026-06-16
Osaka,17.89094666629078,47.004187630724026,1.2340692840005447,2026-06-17
Tokyo,32.506668259777435,68.29732417879174,0.30907543652254077,2026-06-18
Nagoya,23.38660080578932,68.11396554491591,0.7019096948831864,2026-06-19
Tokyo,23.745834917724764,48.51736711247382,4.65698336216083,2026-06-20
Osaka,31.640970709245288,68.1877764375486,9.46718076685544,2026-06-21
Tokyo,27.7811500470033,75.37931918412554,0.23020304978826278,2026-06-22
Nagoya,27.27943886040804,48.77455193755586,6.6241388747645065,2026-06-23
Tokyo,35.825011724505416,50.824971789857365,2.0875769546610865,2026-06-24
Osaka,21.782408848099287,70.17661466843502,3.2555020331688795,2026-06-25
Nagoya,29.639200640406187,62.71495310825648,13.215495923778766,2026-06-26
Osaka,25.285065624485423,65.51476275239523,2.017122243871152,2026-06-27
Nagoya,26.342961394316283,63.40589216400497,3.130592567736234,2026-06-28
Nagoya,32.64234213206266,63.90695920928144,0.06888440838807922,2026-06-29
Tokyo,27.53917878144812,46.73527871688917,0.42560429847425785,2026-06-30
Tokyo,27.691480395248163,70.47317706621448,1.496018232280249,2026-07-01
Osaka,30.36253668654901,71.69589992427774,0.14123735229361165,2026-07-02
Tokyo,23.175236352285573,57.70609255931972,4.989881481727823,2026-07-03
Tokyo,20.803951663304968,59.56523050186138,2.7791006249478594,2026-07-04
Nagoya,19.775954029894834,44.68892497444278,3.9719719786681287,2026-07-05
Tokyo,15.16821705311999,65.14254756017834,0.959721653030698,2026-07-06
Nagoya,35.28103564970161,65.72057441714144,1.7544018919447144,2026-07-07
Nagoya,19.483958171391585,59.37808983000689,5.45060929574356,2026-07-08
Nagoya,23.89373188207114,71.24353359870503,16.805470429497532,2026-07-09
Osaka,23.615933500555396,56.659227690200595,0.25866049851739886,2026-07-10
Osaka,26.537033489045506,65.646059258936,11.053874284050591,2026-07-11
Osaka,29.078686062696484,49.80335661307885,4.300511457011099,2026-07-12
Nagoya,29.302367441798726,59.76447849125762,4.14964286364568,2026-07-13
Osaka,22.08461280715531,58.25645742097164,3.4685220309841935,2026-07-14
Osaka,24.164391431067944,62.25307922040942,0.3595969222453063,2026-07-15
Tokyo,26.412899752441497,56.304730711666416,0.4708768043237807,2026-07-16
Osaka,23.756544369082263,58.68527404328332,4.592866746058765,2026-07-17
Osaka,33.03672788009996,68.26047171441506,2.0848444032609996,2026-07-18
Nagoya,27.454874758191256,55.63235762761782,12.460748078922748,2026-07-19
Nagoya,28.674388930249087,43.93422899261321,2.609353123868731,2026-07-20
Nagoya,28.314406343337062,77.4958390420542,0.7732291877534686,2026-07-21
Nagoya,30.867369287426627,73.81454078690487,6.271400179587881,2026-07-22
Nagoya,25.905107793518535,47.07737304894381,1.7361231347784893,2026-07-23
Nagoya,18.515840260220767,66.89707805245195,3.727155430950427,2026-07-24
Osaka,26.998439758763208,54.97025229448657,5.983873622284977,2026-07-25
Nagoya,21.743215531040853,62.634872153310596,11.526148494521472,2026-07-26
Nagoya,22.356916591251217,62.94224129013494,7.85568413893404,2026-07-27
Tokyo,27.931820093775467,57.65592199683678,5.6406339580879985,2026-07-28
Osaka,31.19141535716818,52.16234334413603,5.691443173395632,2026-07-29
Osaka,25.106357883680307,53.094589476837406,14.586883621545695,2026-07-30
Osaka,26.544165062994818,50.83808084518758,1.7536354626184048,2026-07-31
Nagoya,33.51107472317619,51.681777917695555,0.005563565158914325,2026-08-01
Nagoya,26.203765897442842,59.328217099506446,1.586959071621656,2026-08-02
Nagoya,38.008415570901974,52.842400108892484,1.2288082367478783,2026-08-03
Tokyo,27.82754822815772,66.8205206571262,5.421100550295199,2026-08-04
Nagoya,16.19618620422091,74.87246155335927,5.0216713854517625,2026-08-05
Tokyo,28.766708105522664,54.19946758629957,4.500381775050319,2026-08-06
Osaka,26.90579192441389,62.39404500535377,0.08188407087170259,2026-08-07
Nagoya,31.448763770413727,64.99685110302934,6.524089030112638,2026-08-08
Tokyo,28.36590675634979,64.72002270919275,1.9543389400724234,2026-08-09
Tokyo,24.307720080081133,60.759552679160876,5.468959462440756,2026-08-10
Nagoya,18.878508818553172,67.42682418359722,4.066171663925939,2026-08-11
Osaka,23.954883713569874,64.82248952680658,2.0983089700116713,2026-08-12
Osaka,20.7473977289535,47.62337577672702,0.7226801368761621,2026-08-13
Osaka,22.097382750976386,68.69156064389273,0.49589219654450334,2026-08-14
Tokyo,27.94289202210305,68.87290837266742,8.904641684810152,2026-08-15
Tokyo,33.34952252175703,52.367138958214184,12.52947947958093,2026-08-16
Tokyo,26.973357649114906,60.37937835447602,5.246083635576149,2026-08-17
Tokyo,19.020584689824076,66.83328992811069,0.5459174856321205,2026-08-18
Osaka,27.223013341100703,57.906861804206386,2.5710501962915,2026-08-19
Nagoya,30.983157433228257,70.72978047766011,6.527060647052451,2026-08-20
Tokyo,21.95108547840309,83.6387249461936,7.566569501452846,2026-08-21
Tokyo,24.32991416663541,52.140139673650175,0.6290556238939529,2026-08-22
Osaka,25.073440973645987,46.18955396846225,0.00015359658607904747,2026-08-23
Nagoya,21.075508434588798,63.03818595604876,6.2263538292630916,2026-08-24
Nagoya,28.241402169219295,67.21562505126144,2.2049136037394086,2026-08-25
Osaka,24.395259256961094,57.69133626155231,1.4683755183333849,2026-08-26
Osaka,27.097662219535138,74.53260663321035,0.06490682142417693,2026-08-27
Nagoya,20.562539110989498,46.613942002767516,3.885899428401247,2026-08-28
Tokyo,22.812708498382946,66.9291862303161,9.524105661256394,2026-08-29
Nagoya,28.611906789138857,53.94139179241107,15.806767848868619,2026-08-30
Osaka,23.135834239541165,77.19377906207296,4.170616230474973,2026-08-31
Tokyo,33.63481925616703,79.92515353168119,3.612481699611379,2026-09-01
Tokyo,23.001819071926988,52.33343412216652,0.44446419545465066,2026-09-02
Osaka,26.12342362875943,54.5044286409142,3.980029713766818,2026-09-03
Osaka,29.662954159365448,68.59587886979801,2.390010289540501,2026-09-04
Osaka,17.908171335334842,56.12869350210485,4.671449762695824,2026-09-05
Nagoya,16.19595594009612,59.54588782067762,2.4610527213058946,2026-09-06
Nagoya,17.371718427149524,60.2538842054241,1.3741525333169737,2026-09-07
Tokyo,31.31292051713591,40.80326843802344,0.49890983052460547,2026-09-08
Osaka,22.240709270537767,59.86162253905763,1.8910869440627924,2026-09-09
Tokyo,37.79099642834126,53.10272225935826,0.5081974269170653,2026-09-10
Tokyo,22.178762006713058,55.06877177600228,0.9733693725394515,2026-09-11
Tokyo,25.922756515985185,74.43632003468814,21.845022392779452,2026-09-12
Tokyo,32.71054976283938,47.434931057207436,2.9358662775402444,2026-09-13
Osaka,35.03046444079561,68.13205186747977,3.7950650870105034,2026-09-14
Tokyo,35.30751788318199,57.21037069668191,10.34225198062674,2026-09-15
Osaka,31.041831152965713,57.202398315041656,27.095537647438405,2026-09-16
Osaka,30.120312629057313,67.90371896051711,4.369922588900713,2026-09-17
Nagoya,27.962634746005914,63.4005129456889,8.369184111100193,2026-09-18
Osaka,28.89180538083319,65.70612997219531,1.979611610881493,2026-09-19
Nagoya,22.244071418357333,69.68184660532862,1.824572245600824,2026-09-20
Osaka,20.909005582888465,56.686916168166775,2.5767100447724607,2026-09-21
Osaka,24.98312771294524,53.87763265492249,5.581447001277347,2026-09-22
Osaka,24.149076887375358,49.148494734422016,5.73153437178218,2026-09-23
Nagoya,22.733859753363625,51.74589470021045,1.8934302072868179,2026-09-24
Nagoya,28.481937237283578,89.49094425308725,0.7147922927547222,2026-09-25
Tokyo,29.776526042852552,72.44679580736786,5.003748524175631,2026-09-26
